Strain	SampleID	intercept	slope	adj.r2	pval	log10_slope	max_median_ab	log10_max_median_ab
ESL0183	1.F.1.B	-0.109951136485533	0.234036876141912	0.999913759271476	0	-0.630715707362653	14041	4.14739803934765
ESL0183	1.F.1.C	0.00344699389367399	0.106785719141702	0.999770290232383	0	-0.971486823268627	6408.5	3.80675638865197
ESL0183	1.F.6.C	-1.64135956521782	0.152130098420045	0.999829965544	0	-0.817784853767049	7605	3.88109921838902
ESL0183	1.SWT.1.B	-0.783113809284187	0.12813977256618	0.999814166411513	0	-0.892316051167792	8968	3.95269559958692
ESL0183	1.SWT.2.C	1.59253064167418	0.330312320115357	0.999945404954318	0	-0.481075227524659	18168	4.25930712121168
ESL0183	1.SWT.4.D	0.579730353301926	0.237043782984859	0.999917446242452	0	-0.625171430561336	13040	4.1152775913959
ESL0183	1.SWT.5.C	-0.248722115745759	0.440436608667931	0.999965515492003	0	-0.356116590059728	26429.5	4.42208894711601
ESL0183	2.F.1.A	2.01824304253821	0.450598410027609	0.999971167983701	0	-0.346210345052166	27040.5	4.43201471778858
ESL0183	3.F.1.A	-1.92448882478849	0.241302563806777	0.999916980793852	0	-0.617438063747158	13270	4.12287092286444
ESL0183	3.F.1.D	-1.66660080706899	0.461543818568081	0.999971049446411	0	-0.335787061140907	27688.5	4.44229942886337
ESL0183	3.F.2.C	2.43923864456639	0.276691975486661	0.999932887175242	0	-0.558003435916503	15225	4.18255730130491
ESL0183	3.F.3.A	1.16560057679224	0.160648074260995	0.999859792710057	0	-0.794124476105842	8837.5	3.94632942680496
ESL0183	3.SWT.1.A	-2.91377126104659	0.541948621700879	0.999944773684749	0	-0.266041883884948	16253.5	4.21094689559271
ESL0183	3.SWT.1.B	0.73643835607523	0.217518885364094	0.999916351619621	0	-0.662503030877818	14133	4.1502343589579
ESL0183	3.SWT.1.C	-0.803275488052324	0.255096099783081	0.999766071644424	0	-0.593296181357419	6378	3.80468451490694
ESL0183	3.SWT.2.C	2.79096774192608	0.35877106451613	0.999675212251529	0	-0.445182590788809	5381	3.73086299204649
ESL0183	3.SWT.3.C	-3.18584474898708	0.316065388127852	0.999946699566287	0	-0.500223060528989	20541	4.31262158258698
ESL0183	4.F.1.C	-2.11741248101882	0.106847696867739	0.999812481622964	0	-0.971234834739144	6942	3.84148460933539
ESL0183	4.F.3.A	0.373182408084511	0.149014235039653	0.999840141055624	0	-0.826772242299974	8200.5	3.91384033294724
ESL0183	4.F.3.C	-0.767162162160516	0.157027675675677	0.999437823380343	0	-0.804023797692834	3141	3.4970679363985
ESL0183	4.F.3.D	-0.666454293655788	0.112376006232688	0.999586280983399	0	-0.949326406499229	3933	3.59472394640975
ESL0183	4.F.4.C	0.291241767643918	0.116647439345653	0.999818006928129	0	-0.933124790434387	6998.5	3.84500496693852
ESL0183	5.F.1.A	-2.20683566437436	0.412147610139863	0.999937424063555	0	-0.384947214092944	16486	4.21711529550768
ESL0183	5.F.3.A	-1.10691973968071	0.374631813449025	0.999866411243151	0	-0.426395345437274	9365	3.97150778171126
ESL0183	5.SWT.1.A	0.143620140324022	0.214432736775012	0.999902584267242	0	-0.668708911537921	12867	4.10947730095874
ESL0183	5.SWT.4.C	-0.305733237197762	0.0960438457101657	0.999764306765132	0	-1.01753045859767	5281	3.7227161674885
ESL0183	HF	-0.406986301369691	0.00912805479452055	0.984219598492399	0	-2.03962176156897	91	1.95904139232109
ESL0183	Mix_15_1	0.0544692082101289	0.0109387624633431	0.994740360238335	0	-1.96103180832636	328	2.51587384371168
ESL0183	Mix_15_2	-0.195091516562376	0.00659386199883794	0.994961086306909	0	-2.18086014633001	296	2.47129171105894
ESL0183	Mix_26	0.200423433697722	0.00321332546457517	0.98950745169901	0	-2.49304528431136	226	2.3541084391474
ESL1293	1.F.1.B	0.558019970262588	0.00974454068408732	0.997402605934685	0	-2.01123862684575	585	2.76715586608218
ESL1293	1.F.1.C	-0.0127310388681379	0.0187878138941997	0.998595554156244	0	-1.72612375044336	1124	3.05076631123304
ESL1293	1.F.6.C	-0.341779209014302	0.0108267624031397	0.997024031763784	0	-1.96550139385144	541	2.73319726510657
ESL1293	1.SWT.1.B	-0.325634996403294	0.0972724613393323	0.999761960886925	0	-1.01201009479003	6810	3.83314711191279
ESL1293	1.SWT.2.C	0.266418168711302	0.0954518392213408	0.999721768216388	0	-1.02021569895199	5253	3.72040740080311
ESL1293	1.SWT.4.D	1.53438356164631	0.0489533835616438	0.999469723646744	0	-1.31021728524252	2694	3.43039759138697
ESL1293	1.SWT.5.C	-0.0963586147739643	0.0997722481410644	0.999773489301324	0	-1.00099024183141	5988	3.77728179167101
ESL1293	2.F.1.A	-0.237724665388456	0.00721666730401515	0.9968632918497	0	-2.14166331567505	433	2.63648789635337
ESL1293	3.F.1.A	-0.625923576062719	0.0298833395818313	0.999197162029734	0	-1.52457087001205	1644	3.21590181320403
ESL1293	3.F.1.D	0.193227108595584	0.0765167765030791	0.999714574306202	0	-1.11624333420686	4593	3.66209644541792
ESL1293	3.F.2.C	0.922085075704216	0.0239944534967555	0.998830225593068	0	-1.61988913721088	1321	3.12090281761453
ESL1293	3.F.3.A	0.0521831290580725	0.0687780778658976	0.99958807644579	0	-1.16254996552911	3785	3.57806588383609
ESL1293	3.SWT.1.A	0.516199413489071	0.00771582404692082	0.992937262120721	0	-2.11261768464695	232	2.3654879848909
ESL1293	3.SWT.1.B	-0.334786910218875	0.0520867607946804	0.999565144810819	0	-1.28327264991493	3388	3.52994340165867
ESL1293	3.SWT.1.C	1.06167028199903	0.0732916312364427	0.998921319039041	0	-1.13494561219827	1837	3.26410915630581
ESL1293	3.SWT.2.C	-0.293440860214191	0.0277768817204301	0.994671360678155	0	-1.55631651049267	415.5	2.61857102812013
ESL1293	3.SWT.3.C	-0.339292237462405	0.0554156378274449	0.999582041238483	0	-1.25636766372217	3600.5	3.55636281525692
ESL1293	4.F.1.C	-0.717488584487603	0.0321965416967073	0.99929555547313	0	-1.49219077435064	2091.5	3.32045786891665
ESL1293	4.F.3.A	-1.1962018745453	0.0935690086517661	0.999730203093178	0	-1.02886797177732	5145.5	3.71142758253679
ESL1293	4.F.3.C	0.744054054055294	0.0520791081081083	0.998020082517622	0	-1.28333646197911	1043.5	3.01849245340147
ESL1293	4.F.3.D	2.37495844872177	0.129159721606649	0.999633314691873	0	-0.888872899740556	4523	3.65542658774592
ESL1293	4.F.4.C	-0.0660739324120949	0.0527057004461429	0.999566214306616	0	-1.27814241062389	3162	3.49996186559619
ESL1293	5.F.1.A	-0.225646853150281	0.038743938811189	0.998920567521329	0	-1.41179622984795	1549.5	3.1901915805753
ESL1293	5.F.3.A	0.3102928416489	0.00694113015184383	0.98850280216563	0	-2.15856981214603	173.5	2.23929947912689
ESL1293	5.SWT.1.A	0.949694072677638	0.0330070363288711	0.999194588630632	0	-1.48139346881721	1981	3.29688447553855
ESL1293	5.SWT.4.C	-0.187909156449442	0.039160196106705	0.99936930939244	0	-1.4071551420005	2154	3.33324569896196
ESL1293	HF	-0.299863013698341	0.0185745479452055	0.99153361908468	0	-1.73108174700436	186	2.26951294421792
ESL1293	Mix_15_1	0.0264633431078676	0.00874500293255131	0.993764741883859	0	-2.05824004054887	262	2.41830129131975
ESL1293	Mix_15_2	0.277887855894127	0.0149171324811158	0.997764757347217	0	-1.82631465322508	672	2.82736927305383
ESL1293	Mix_26	0.0357252920004477	0.00818096687109001	0.996016479961321	0	-2.08719536601514	571.5	2.7570162347313
ESL1297	1.F.1.B	-0.777671552967589	0.0861574457191401	0.999740670352719	0	-1.06470718490188	5169.5	3.71344853966223
ESL1297	1.F.1.C	1.62464414708865	0.13908118461865	0.999831505750219	0	-0.85673161888645	8346.5	3.92150439771773
ESL1297	1.F.6.C	-1.1001529636502	0.0791824818355635	0.999613353280421	0	-1.10137089017413	3960	3.59769518592551
ESL1297	1.SWT.1.B	-0.0934189035088869	0.00216769089956546	0.98785895992349	0	-2.66400264565007	152	2.18184358794477
ESL1297	1.SWT.2.C	-0.155371304974391	0.0244359444844989	0.998873406812542	0	-1.61197087020328	1344	3.12839926871781
ESL1297	1.SWT.4.D	0.517607786589952	0.0115805025234318	0.997619176875982	0	-1.93627259445848	637.5	2.80448018910599
ESL1297	1.SWT.5.C	0.00312194603874708	0.00170419524113019	0.984484142619359	0	-2.76848065177108	102	2.00860017176192
ESL1297	2.F.1.A	-0.272562141433755	0.0989919292542999	0.999776487554876	0	-1.00440021169742	5938.5	3.77367676080789
ESL1297	3.F.1.A	0.508207642403603	0.161585733958183	0.999864283873023	0	-0.791596984754084	8887	3.94875518016827
ESL1297	3.F.1.D	0.578469301072696	0.0568272060760557	0.999553702781116	0	-1.24544369562832	3409	3.53262700122889
ESL1297	3.F.2.C	-0.592148521984464	0.103375377793799	0.999785073559814	0	-0.985582890271682	5685.5	3.7547686638685
ESL1297	3.F.3.A	0.660878154298461	0.112986562364816	0.999773668139468	0	-0.946973204638983	6216	3.79351100579286
ESL1297	3.SWT.1.A	0.875689149545164	0.119834744868035	0.999555879112941	0	-0.921417244411428	3594.5	3.55563848794755
ESL1297	3.SWT.1.B	-0.762351598226582	0.127342357846671	0.999846181573906	0	-0.895027113084411	8278	3.91792542206474
ESL1297	3.SWT.1.C	-0.885574837304243	0.12915663340564	0.999482037419117	0	-0.88888328381908	3230.5	3.50926974537619
ESL1297	3.SWT.2.C	1.24602150537265	0.180221956989247	0.999190399017239	0	-0.744192298715679	2703	3.43184604569873
ESL1297	3.SWT.3.C	0.103127853813812	0.167243635424176	0.99987883265901	0	-0.776650400631914	10874.5	4.03640929760525
ESL1297	4.F.1.C	-0.217861491648707	0.0553669339902263	0.999629015585559	0	-1.2567495253953	3599	3.55618184665291
ESL1297	4.F.3.A	-0.0243576063335096	0.192229958183128	0.999875538521816	0	-0.716178928531469	10573	4.02419823220687
ESL1297	4.F.3.C	0.790945945947924	0.107951891891892	0.999064475995514	0	-0.966769742111506	2162	3.33485568961729
ESL1297	4.F.3.D	-1.64529085875992	0.130852051246538	0.999659793112842	0	-0.883219464937971	4581	3.66096029177608
ESL1297	4.F.4.C	-1.81132143608091	0.129585393031652	0.999832814524702	0	-0.887443949725243	7776.5	3.89078417633436
ESL1297	5.F.1.A	-1.41167832168208	0.055769050699301	0.999284402459852	0	-1.25360674800555	2229	3.34811006848024
ESL1297	5.F.3.A	0.984772234285811	0.230849232104122	0.999757362666533	0	-0.636671565745706	5770	3.76117581315573
ESL1297	5.SWT.1.A	-0.82317718284516	0.122578075207136	0.999818311508352	0	-0.911587202477162	7354	3.86652362553284
ESL1297	5.SWT.4.C	-1.24758759912081	0.218259096611391	0.999906677376434	0	-0.661027646702333	12004	4.07932598675282
ESL1297	HF	0.0332876712326294	0.0231351506849316	0.992697848135103	0	-1.635727667488	232	2.3654879848909
ESL1297	Mix_15_1	0.305636363635013	0.0146689090909091	0.996114233155765	0	-1.83360218291303	440.5	2.64394591274807
ESL1297	Mix_15_2	-0.0106769320199968	0.0151705665310867	0.997869016571678	0	-1.81899820057579	683	2.83442070368153
ESL1297	Mix_26	-0.464987827046757	0.0105865133594255	0.997033724943319	0	-1.97524705009914	741	2.86981820797933
ESL0352	1.F.1.B	-0.623874017413936	0.0130301024006796	0.998264655524393	0	-1.88505217125017	781	2.8926510338773
ESL0352	1.F.1.C	0.076509454020902	0.0266302825578919	0.999100339213003	0	-1.57462422549939	1598.5	3.20371264060771
ESL0352	1.F.6.C	0.502989835974946	0.0365729767535471	0.999097383819454	0	-1.43683969005773	1828	3.26197619139781
ESL0352	1.SWT.1.B	0.177676970015806	0.00248079232025639	0.989119540123672	0	-2.60540959120617	174	2.2405492482826
ESL0352	1.SWT.2.C	-0.0429084354722095	0.000389038932948809	0.933043934522597	0	-3.4100069346158	21	1.32221929473392
ESL0352	1.SWT.4.D	0.290957462148558	0.0049242732516222	0.994477587879932	0	-2.30765785574498	271	2.43296929087441
ESL0352	1.SWT.5.C	0.642973231369344	0.0212016156787758	0.998913634048406	0	-1.67363104220142	1274	3.10516942799933
ESL0352	2.F.1.A	0.0263554280861929	0.000700825154025904	0.967220474103348	0	-3.15439031885682	42	1.6232492903979
ESL0352	3.F.1.A	0.538539293439871	0.0358514340302811	0.999273402389364	0	-1.44549346819751	1972	3.29490691060519
ESL0352	3.F.1.D	0.423204801375807	0.0289652895687268	0.999135332867969	0	-1.5381221254604	1738	3.24004977211265
ESL0352	3.F.2.C	0.14866186012996	0.0102687144917087	0.997413528851983	0	-1.98848392096953	566	2.75281643118827
ESL0352	3.F.3.A	-0.100839221340977	0.00264595025234319	0.990037780585308	0	-2.57741832543043	146	2.16435285578444
ESL0352	3.SWT.1.A	0.00618768328440926	0.000778304985337242	0.929148311196474	0	-3.10885018772222	24	1.38021124171161
ESL0352	3.SWT.1.B	0.0264459665061548	0.0208505271969878	0.998795254870288	0	-1.68088295959439	1354	3.13161866434913
ESL0352	3.SWT.1.C	0.410043383949677	0.0434555748373103	0.998192361290409	0	-1.36195450078553	1088	3.03662889536216
ESL0352	3.SWT.2.C	-0.2272043010752	0.00297140860215053	0.946420575171857	0	-2.52703762370702	44	1.64345267648619
ESL0352	3.SWT.3.C	0.220487062401193	0.00797497204197705	0.996964605495696	0	-2.09827083078318	518	2.71432975974523
ESL0352	4.F.1.C	0.217990867531302	0.102458345590002	0.999794830620745	0	-0.989452661020031	6661	3.82353943365686
ESL0352	4.F.3.A	-0.109228550828624	0.0204268240807498	0.998512162071453	0	-1.68979915130313	1123.5	3.05057307675515
ESL0352	4.F.3.C	0.109594594597286	0.12299118918919	0.999118557959739	0	-0.910125999321359	2458.5	3.39067021262618
ESL0352	4.F.3.D	-0.223656509766848	0.271953001385043	0.999857155869391	0	-0.565506143770048	9516.5	3.97847725193778
ESL0352	4.F.4.C	-1.15027724660559	0.0915203766730382	0.999753960698439	0	-1.03848220110912	5491	3.73965144370938
ESL0352	5.F.1.A	0.124737762237173	0.00784876573426578	0.994478303223751	0	-2.10519863331114	315	2.4983105537896
ESL0352	5.F.3.A	0.0761279826465269	0.00141794577006508	0.948729904120148	0	-2.84834037861125	36	1.55630250076729
ESL0352	5.SWT.1.A	-0.0149468876134787	0.00128577841512638	0.979323595270054	0	-2.89083386918752	77.5	1.88930170250631
ESL0352	5.SWT.4.C	0.565046863735036	0.0143917837058399	0.998230109672442	0	-1.84188537662652	793	2.8992731873176
ESL0352	HF	-0.0805479452056369	0.0054478082191781	0.971003557356621	0	-2.26377818942469	54	1.73239375982297
ESL0352	Mix_15_1	-0.169935483871345	0.00377335483870968	0.985723524249795	0	-2.42327235269789	113	2.05307844348342
ESL0352	Mix_15_2	0.014587449155996	0.00494440964555496	0.992963757773738	0	-2.30588555502401	223	2.34830486304816
ESL0352	Mix_26	0.171086011896426	0.00135633110419427	0.974507025897615	0	-2.86763427863162	94	1.9731278535997
ESL1028	1.F.1.B	0.00706182281762074	0.000931578075207116	0.974274841873613	0	-3.03078074118568	56	1.7481880270062
ESL1028	1.F.1.C	-0.0100308051800014	0.00646970851922654	0.995754685906489	0	-2.18911528522667	388	2.58883172559421
ESL1028	1.F.6.C	-0.449031900972212	0.0118600557512326	0.99723406858779	0	-1.9259132694544	593	2.77305469336426
ESL1028	1.SWT.1.B	0.172505161947371	0.00236655946254123	0.988948055648029	0	-2.62588257890818	167	2.22271647114758
ESL1028	1.SWT.2.C	0.312729632300253	0.0161809401586157	0.998052031295511	0	-1.79099624824681	891	2.94987770403687
ESL1028	1.SWT.4.D	-0.538814708002382	0.0155406063446287	0.998471480956301	0	-1.80853204042641	854	2.931457870689
ESL1028	1.SWT.5.C	0.88351710219669	0.0153001066496704	0.998358219465821	0	-1.8153055419143	919.5	2.9635517335741
ESL1028	2.F.1.A	0.0345623539412914	0.000601065859358387	0.961031246787404	0	-3.22107793933024	36	1.55630250076729
ESL1028	3.F.1.D	0.0783280220954025	0.00119145549182067	0.979659825319966	0	-2.9239221765804	72	1.85733249643127
ESL1028	3.F.2.C	-0.0305349675558484	5.16229271809653e-05	0.648606803286675	0	-4.2871573732424	3	0.477121254719662
ESL1028	3.F.3.A	0.134895457822634	0.000493790194664745	0.945071246469618	0	-3.30645753823008	28	1.44715803134222
ESL1028	3.SWT.1.A	-0.0317829912023842	0.000403102639296186	0.871498166184586	0	-3.39458435831428	12	1.07918124604762
ESL1028	3.SWT.1.B	-0.259284627094346	0.00495391123928539	0.995068334209347	0	-2.30505177906506	321	2.50650503240487
ESL1028	3.SWT.1.C	0.000281995661826726	0.00322123644251627	0.975824609120749	0	-2.49197739628823	80	1.90308998699194
ESL1028	3.SWT.3.C	0.0660350076102565	0.000441447168148677	0.951498229119431	0	-3.35512126480313	29	1.46239799789896
ESL1028	4.F.1.C	-0.255829528161182	0.00735593495153403	0.996988682952922	0	-2.13336211987914	478	2.67942789661212
ESL1028	4.F.3.A	-0.0955991348233143	0.00283061139149243	0.989969032159864	0	-2.54811974989134	156	2.19312459835446
ESL1028	4.F.3.C	0.490405405405703	0.00935881081081085	0.98880349404922	0	-2.02877933193643	187	2.2718416065365
ESL1028	4.F.4.C	-0.176713405559295	0.0122394083280218	0.99796356267805	0	-1.91223957615174	734	2.86569605991607
ESL1028	5.F.1.A	-0.13571678321705	0.00440674300699303	0.990493340599959	0	-2.35588227599319	177	2.24797326636181
ESL1028	5.F.3.A	0.0633947939262688	0.000248731019522777	0.760512568758446	6.0592632932234e-281	-3.60427005000345	6.5	0.812913356642856
ESL1028	5.SWT.1.A	-0.166227958359198	0.00112224304227743	0.975830147530349	0	-2.94991307847243	68	1.83250891270624
ESL1028	5.SWT.4.C	0.153955299207316	0.00671474477289111	0.99623936031958	0	-2.17297049019282	370	2.568201724067
ESL1028	HF	-0.128219178082489	0.0143971232876713	0.988643481923386	0	-1.84172427631436	144	2.15836249209525
ESL1028	Mix_15_1	-0.0196832844576031	0.0008370146627566	0.941053367744136	0	-3.07726693400375	25	1.39794000867204
ESL1028	Mix_15_2	-0.0769494479954285	0.000453266705403837	0.928380776183684	0	-3.34364618076581	20.5	1.31175386105575
ESL1028	Mix_26	-0.0764716940402828	0.0050694797990693	0.992781814356896	0	-2.29503660318828	354	2.54900326202579
ESL0094	1.F.1.B	0.120729764190209	0.0182452154238365	0.998612517070757	0	-1.73885100449275	1096	3.03981055414835
ESL0094	1.F.1.C	-1.32905247499322	0.0718422069258534	0.999672069401459	0	-1.14362033501282	4309	3.63437649408837
ESL0094	1.F.6.C	0.884063600698798	0.0415706207104756	0.999303925578258	0	-1.38121349079035	2079	3.31785448933147
ESL0094	1.SWT.1.B	0.022368640019743	3.62703935406334e-05	0.583885596745922	0	-4.44044773221669	3	0.477121254719662
ESL0094	1.SWT.2.C	-0.00258832011533932	6.62537851478007e-05	0.682352615829781	0	-4.17878930498596	4	0.602059991327962
ESL0094	1.SWT.4.D	0.0142739726027446	1.72739726027396e-05	0.378220576678266	9.08630651235886e-157	-4.76260777354738	1	0
ESL0094	1.SWT.5.C	0.0265009560229895	7.74780114722737e-05	0.748482982029962	0	-4.11082153428361	5	0.698970004336019
ESL0094	2.F.1.A	0.055498194179049	0.000341541533885695	0.931156008173719	0	-3.46655647546545	21	1.32221929473392
ESL0094	3.F.1.A	0.133684210526292	0.00190784210526316	0.987138358732912	0	-2.7194575707485	105	2.02118929906994
ESL0094	3.F.1.D	-0.382924367960244	0.00448226046313991	0.994119336996173	0	-2.34850291031374	269	2.42975228000241
ESL0094	3.F.2.C	-0.082697909156232	0.0020151441961067	0.986266947880119	0	-2.69569387193833	111	2.04532297878666
ESL0094	3.F.3.A	0.0188608507575564	0.00500833453496753	0.994607646235708	0	-2.30030666984594	276	2.44090908206522
ESL0094	3.SWT.1.A	0.195278592375253	0.00091157771260997	0.94305787571732	0	-3.04020630153557	27	1.43136376415899
ESL0094	3.SWT.1.B	-0.552047184177454	0.0160682416886965	0.998584269273649	0	-1.79403164449838	1043	3.01828430842653
ESL0094	3.SWT.1.C	-0.0502603036874807	0.00506655097613885	0.984345296286238	0	-2.29528758341926	127	2.10380372095596
ESL0094	3.SWT.2.C	0.0221505376344099	5.4698924731183e-05	0.234261468868676	2.1731827739434e-42	-4.26202121092258	1	0
ESL0094	3.SWT.3.C	0.270601217653496	0.00610749427221017	0.996229151271798	0	-2.21413693164862	397	2.59879050676312
ESL0094	4.F.1.C	1.36964231352185	0.0602058864856201	0.999654839107784	0	-1.22036104456872	3915	3.59273176639396
ESL0094	4.F.3.A	0.429390050470457	0.018412968997837	0.998407666161259	0	-1.73487617806765	1012	3.00518051250378
ESL0094	4.F.3.C	-0.423108108107589	0.041347783783784	0.997429944155492	0	-1.38354776340931	827.5	2.91776800244776
ESL0094	4.F.3.D	-0.438393351806096	0.0216745145429364	0.997799562188489	0	-1.66405062089604	757.5	2.87938263717434
ESL0094	4.F.4.C	1.25313894203356	0.0570098043339695	0.999622733023592	0	-1.24405044955583	3425	3.53466057582844
ESL0094	5.F.1.A	0.103706293704585	0.0156458776223778	0.997287465192123	0	-1.80560007100511	626	2.79657433321043
ESL0094	5.F.3.A	-0.107060737527096	0.00117119522776573	0.941801588210368	0	-2.93137070588885	29	1.46239799789896
ESL0094	5.SWT.1.A	-0.0489929891644886	0.00112283875079666	0.978029134612804	0	-2.9496826076454	67	1.82607480270083
ESL0094	5.SWT.4.C	0.156521989907269	0.0173572062004325	0.99854871529298	0	-1.76052017716522	955	2.98000337158375
ESL0094	HF	0.0556164383562017	0.00578446575342464	0.972629538805026	0	-2.23773674579674	58	1.76342799356294
ESL0094	Mix_15_1	0.44876246333982	0.0385767390029325	0.99862415492907	0	-1.41367448723877	1157	3.06333335895175
ESL0094	Mix_15_2	-0.721345148177395	0.0258607652527602	0.998653027465919	0	-1.58735862794233	1163	3.06557971472845
ESL0094	Mix_26	-0.135844556068152	0.00951509211377854	0.996607480607678	0	-2.02158700303518	666.5	2.82380015374988
ESL0672	1.F.1.B	0.356966220592192	0.130415776927977	0.999826251160282	0	-0.884669867052734	7824	3.89342884177954
ESL0672	1.F.1.C	0.0109379647334809	0.000154426811132351	0.854977460286326	0	-3.81127729651335	9	0.954242509439325
ESL0672	1.F.6.C	1.43595652617797	0.204520157995369	0.999876287122106	0	-0.689263880445352	10224.5	4.00964207926614
ESL0672	1.SWT.1.B	-0.00874942217003978	0.000158435760732225	0.85767866704931	0	-3.80014678653556	11	1.04139268515823
ESL0672	1.SWT.2.C	-0.00650468637348236	0.000120021629416006	0.816442040866498	0	-3.92074048153946	7	0.845098040014257
ESL0672	1.SWT.4.D	-0.703617880314848	0.0895946979091564	0.999719400332863	0	-1.04771769052681	4929	3.69275881815472
ESL0672	1.SWT.5.C	-0.0450435521562277	0.00022000169959634	0.89709903921993	0	-3.6575739640757	13	1.11394335230684
ESL0672	2.F.1.A	-1.62560441879247	0.256656901635855	0.999932261845454	0	-0.590647052844607	15397	4.18743610977371
ESL0672	3.F.1.A	-0.1471002162921	0.0352618471521267	0.999294938718857	0	-1.45269494141378	1940	3.28780172993023
ESL0672	3.F.1.D	0.588173996216354	0.0729529980879526	0.999687944328778	0	-1.13695685556904	4379	3.64137494519213
ESL0672	3.F.2.C	1.24946214852903	0.0786872516222059	0.999635709819891	0	-1.10409562340462	4329	3.63638758581316
ESL0672	3.F.3.A	-0.0887152126798974	0.248645916366258	0.999917376043211	0	-0.604418669004303	13675.5	4.13594321385529
ESL0672	3.SWT.1.A	0.0535073313782752	0.000184199413489737	0.749102726472293	6.50616371661422e-302	-3.73471175697617	6	0.778151250383644
ESL0672	3.SWT.1.B	1.65666666662283	0.0971568771929819	0.999763872839124	0	-1.01252645269411	6317.5	3.80054525059195
ESL0672	3.SWT.1.C	-0.0278958785249376	0.000389379609544469	0.835255278622428	0	-3.40962679471168	10	1
ESL0672	3.SWT.2.C	-0.435483870967016	0.0438319677419355	0.99645878423574	0	-1.35820903219154	657.5	2.8178957571618
ESL0672	3.SWT.3.C	-0.0975418569257397	0.00054746991908996	0.961811885128444	0	-3.2616397382817	35	1.54406804435028
ESL0672	4.F.1.C	-0.0188127853881499	4.61259312665224e-05	0.683094654731648	0	-4.33605485248971	3	0.477121254719662
ESL0672	4.F.3.A	-0.112436914196565	0.216976247296323	0.999893887704244	0	-0.663587806394569	11937	4.07689519386605
ESL0672	4.F.3.C	-0.382747747747636	0.0065891711711712	0.983237717577133	0	-2.18116921035662	131	2.11727129565576
ESL0672	4.F.3.D	-0.0529639889197548	0.000355391274238228	0.871853698937571	0	-3.44929323943648	13	1.11394335230684
ESL0672	4.F.4.C	0.699557042754051	0.0906371880178437	0.999749199442512	0	-1.04269357674657	5440.5	3.73563881463612
ESL0672	5.F.1.A	0.00409090909088646	0.000112954545454546	0.716630515823052	0	-3.94709628775285	5	0.698970004336019
ESL0672	5.F.3.A	-0.0574403470715046	0.000886915401301516	0.918772168085994	0	-3.05211780350552	23	1.36172783601759
ESL0672	5.SWT.1.A	1.68362863833327	0.246546541321431	0.999920053036142	0	-0.608101085590978	14787.5	4.16989475763599
ESL0672	5.SWT.4.C	-0.0206258110931027	0.0797314268204755	0.999731716209251	0	-1.0983704639925	4385	3.64196959770206
ESL0672	HF	-0.00438356164291242	0.280302465753425	0.99954592777032	0	-0.552373081838729	2802	3.44746813094976
ESL0672	Mix_15_1	-1.00957184753457	0.197324445747801	0.999765064492652	0	-0.704819108383283	5919	3.77224833997185
ESL0672	Mix_15_2	1.60236635669742	0.239325139744337	0.999887373116475	0	-0.621011678825834	10775	4.03241727883277
ESL0672	Mix_26	1.41267311796225	0.334332553915375	0.999928445380414	0	-0.47582133415382	23414.5	4.36948488816724
ESL0142	3.F.3.A	-0.00183850036018188	0.00293879307858686	0.991221222505721	0	-2.53183099167204	162	2.20951501454263
ESL0142	HF	0.0346575342467233	0.0191086301369863	0.991359909269906	0	-1.71877044561227	191	2.28103336724773
ESL0142	Mix_15_1	1.04031085042536	0.156471255131965	0.999688439081412	0	-0.805565433735268	4696	3.67172808823956
ESL0142	Mix_15_2	1.15638582213637	0.183572518303314	0.999849877585195	0	-0.7361923342598	8260	3.91698004732038
ESL0142	Mix_26	-0.376739498894702	0.028648185891707	0.99876187674132	0	-1.5429028739467	2003.5	3.30178934676872
ESL0172	1.F.1.B	0.0884693010410905	0.000158206076056933	0.860520926842121	0	-3.80077684101961	10	1
ESL0172	1.F.6.C	0.00774579853074301	1.87849451544732e-05	0.37162954503788	3.13577483607834e-143	-4.72619006858806	1	0
ESL0172	1.SWT.1.B	0.00328854510154697	1.20014792443526e-05	0.310593306153888	2.07647019457287e-147	-4.92076522161347	1	0
ESL0172	2.F.1.A	-0.26040259187143	0.0216062596133414	0.998978276042883	0	-1.66542040988146	1297	3.11293997608408
ESL0172	3.F.1.A	0.104725306416719	0.000124883201153568	0.817190815828508	0	-3.90349597745435	7	0.845098040014257
ESL0172	3.F.2.C	-1.64633886083685	0.115969871665465	0.999780815586507	0	-0.935654823436358	6374.5	3.80444612545784
ESL0172	3.F.3.A	-0.280210526310344	0.0798658947368418	0.999689868569914	0	-1.09763863857939	4395.5	3.64300828439044
ESL0172	3.SWT.3.C	-0.055890410958973	0.000118695025234319	0.834581881523572	0	-3.92556748288668	8	0.903089986991944
ESL0172	4.F.1.C	-0.0288280060882869	1.60001602178961e-05	0.454466359251406	1.04552656630192e-225	-4.79587566850659	1	0
ESL0172	4.F.3.A	0.199398702235388	0.00276008291276134	0.989158381693705	0	-2.55907787155294	152	2.18184358794477
ESL0172	4.F.4.C	0.21894200128226	0.0128733339706817	0.998202140848193	0	-1.89030896377472	772	2.88761730033574
ESL0172	5.F.1.A	0.00777972027971195	6.7533216783217e-05	0.608665569556436	2.54968814465634e-246	-4.17048256320847	3	0.477121254719662
ESL0172	5.SWT.4.C	0.0167123287671373	5.37123287671231e-05	0.677883902255976	0	-4.26992601782025	3	0.477121254719662
ESL0172	HF	0.0193150684930972	0.0331712602739727	0.99541523044086	0	-1.47923802803932	331.5	2.52048353274079
ESL0172	Mix_15_1	-0.0169618768360533	0.0286254369501466	0.998291382959536	0	-1.54324787535636	860.5	2.93475087466358
ESL0172	Mix_15_2	-0.5656653108742	0.026655076118536	0.998809286895073	0	-1.57422007292844	1200	3.07918124604762
ESL0172	Mix_26	0.374910474915127	0.0314538194705538	0.998927758977712	0	-1.5023266101784	2201.5	3.34271868979554
ESL0177	3.SWT.3.C	0.00689497716892922	2.88690218697428e-05	0.53781679018797	7.05661453946548e-287	-4.53956793048608	2	0.301029995663981
ESL0177	5.SWT.1.A	0.00132674739753387	4.64848098576575e-05	0.635465805644944	0	-4.33268894114774	3	0.477121254719662
ESL0177	HF	-0.407945205478844	0.0426522191780821	0.996047821049503	0	-1.3700583677386	427	2.63042787502502
ESL0177	Mix_15_1	-0.19177712610298	0.0498588621700879	0.998959039388505	0	-1.30225763676066	1496	3.17493159352844
ESL0177	Mix_15_2	-0.280135095892246	0.0435487010459041	0.999246918412958	0	-1.3610247944338	1960	3.29225607135648
ESL0177	Mix_26	-0.11418995959779	0.057972211778483	0.999438805517116	0	-1.23678012994032	4065	3.60906054993009
ESL0309	1.F.1.B	0.0159815168897725	4.74251115360092e-05	0.64919255852728	0	-4.32399163904939	3	0.477121254719662
ESL0309	1.F.1.C	-0.01466645421711	1.53284469938386e-05	0.367444754035459	3.93271677890121e-161	-4.81450184359127	1	0
ESL0309	1.F.6.C	0.00584985408070991	1.82308543826104e-05	0.354151287622319	6.84507733905188e-135	-4.73919297780919	1	0
ESL0309	1.SWT.1.B	-0.0404502449997511	8.64552374495353e-05	0.768979143512948	0	-4.06320869207735	6	0.778151250383644
ESL0309	1.SWT.2.C	-0.014510454217758	0.000120279019466475	0.795588587165231	0	-3.91981012099416	7	0.845098040014257
ESL0309	1.SWT.4.D	-0.0184816149963701	7.09920692141307e-05	0.742914308334312	0	-4.14879016520938	4	0.602059991327962
ESL0309	1.SWT.5.C	0.0183089016359189	6.18952623751841e-05	0.699900605139467	0	-4.20834259174009	4	0.602059991327962
ESL0309	2.F.1.A	0.277448481011589	0.0491086849373263	0.99955164819606	0	-1.30884169551835	2946	3.46923274250661
ESL0309	3.F.1.A	0.490530641681268	0.142004320115356	0.999854651866794	0	-0.847698443125952	7811.5	3.8927344371004
ESL0309	3.F.1.D	0.00548438495861516	8.08591459528346e-05	0.762310146120127	0	-4.09227085006554	5	0.698970004336019
ESL0309	3.F.2.C	0.0504787310742723	8.36366258111026e-05	0.740569152800243	0	-4.07760349643277	5	0.698970004336019
ESL0309	3.F.3.A	-0.552059120403437	0.0527498882480172	0.999505850718436	0	-1.27777845609322	2899	3.462248215355
ESL0309	3.SWT.1.A	1.07103225806197	0.0318856774193548	0.998183787886501	0	-1.4964043518816	957.5	2.98113878264066
ESL0309	3.SWT.1.B	0.752458143054932	0.040210206761195	0.99938386010785	0	-1.39566369374575	2613	3.41713940972733
ESL0309	3.SWT.1.C	0.0125921908893762	0.000176596529284165	0.681118205437571	4.34601115182183e-225	-3.75301783602202	5	0.698970004336019
ESL0309	3.SWT.2.C	-2.45440860214934	0.195289817204301	0.999338312684512	0	-0.709320401091434	2929	3.4667193716816
ESL0309	3.SWT.3.C	-0.00641552511421677	0.000321619081951451	0.933224743134619	0	-3.49265819207417	21	1.32221929473392
ESL0309	4.F.1.C	-1.49243531208335	0.140132613474324	0.99986278167617	0	-0.853460778321582	9109	3.95947070207511
ESL0309	4.F.3.A	0.566051910600744	0.0463076834895456	0.999364648410302	0	-1.33434694374959	2547	3.40602894496361
ESL0309	4.F.3.C	1.12666666667198	0.121774666666667	0.999115189760978	0	-0.914443050547203	2437	3.38685552918472
ESL0309	4.F.3.D	0.561634349020671	0.0360722001385044	0.998745538303709	0	-1.44282736810937	1261	3.10071508657308
ESL0309	4.F.4.C	0.221041002772241	0.0172460569364772	0.998625670554124	0	-1.76331018444453	1034	3.01452053875792
ESL0309	5.F.1.A	0.0116608391608367	4.41503496503496e-05	0.517274214214684	1.10159491602044e-191	-4.35506585266136	2	0.301029995663981
ESL0309	5.F.3.A	-0.0833622559652896	0.000766950108459872	0.913048048377371	0	-3.1152328868011	19	1.27875360095283
ESL0309	5.SWT.1.A	-0.00506692160604668	0.000108539196940724	0.80938650424406	0	-3.96441339600053	7	0.845098040014257
ESL0309	5.SWT.4.C	-0.0582811824080355	0.000164297764960345	0.856721825191993	0	-3.78436834448941	9	0.954242509439325
ESL0309	HF	1.47630136986379	0.056685205479452	0.996968786546441	0	-1.2465302747408	568.5	2.75473046902375
ESL0309	Mix_15_1	-1.41951319648796	0.0829200410557185	0.999350349247062	0	-1.08134049154842	2486	3.39550112430563
ESL0309	Mix_15_2	-0.780066821632329	0.0733708198721681	0.999556843367632	0	-1.13447662793396	3300.5	3.5185797370876
ESL0309	Mix_26	0.233941878070286	0.0956220349471478	0.999662851820418	0	-1.01944201825461	6700.5	3.82610721152752
ESL1295	1.F.1.B	0.0384926704908351	9.56685787125537e-05	0.794045366324046	0	-4.01923067802735	6	0.778151250383644
ESL1295	2.F.1.A	-0.116371361801127	0.000705541321436143	0.966867856161614	0	-3.15147754584134	43	1.63346845557959
ESL1295	3.F.1.A	-0.234438356163878	0.00531456164383559	0.995259673842707	0	-2.27453255118102	291	2.46389298898591
ESL1295	3.F.3.A	-0.88396683489432	0.0479157700072097	0.999399745017016	0	-1.31952152834021	2634	3.42061577062577
ESL1295	4.F.3.A	0.0378572458549445	0.00488712040374907	0.994404759595949	0	-2.31094696114787	268	2.42813479402879
ESL1295	5.SWT.1.A	-0.0283906947099887	3.19859783301461e-05	0.574245002567327	1.31515765198383e-298	-4.49504036131703	2	0.301029995663981
ESL1295	5.SWT.4.C	-0.00824369142033038	1.81247296323e-05	0.417161901708048	7.92423251753964e-178	-4.74172846310599	1	0
ESL1295	HF	-0.0504109589051495	0.141982356164384	0.99886081479197	0	-0.84776562108551	1420	3.15228834438306
ESL1295	Mix_15_1	-1.01438123168067	0.109669630498534	0.9995156485262	0	-0.95991361976271	3287.5	3.51686576149781
ESL1295	Mix_15_2	-0.321573213282242	0.101043389599071	0.999698448889928	0	-0.99549209337631	4546	3.65762943138895
ESL1295	Mix_26	1.39564793992849	0.138999299701069	0.999791948061187	0	-0.856987387779916	9734.5	3.98831364945465
ESL0868	1.F.1.B	0.132571701819303	0.185988850860417	0.999882107323782	0	-0.730513088873072	11157	4.04754743307863
ESL0868	1.F.1.C	-0.820714892585887	0.235833442532394	0.999919428644024	0	-0.627394609429886	14145	4.15060295179301
ESL0868	1.F.6.C	0.804357451998923	0.164415589815838	0.999847731253703	0	-0.784057005226681	8222.5	3.91500388215469
ESL0868	1.SWT.1.B	-1.60276464596882	0.25794642158464	0.999929547752024	0	-0.588470492589372	18048.5	4.2564411137878
ESL0868	1.SWT.2.C	-0.101140591187273	0.242486648882479	0.999908591384498	0	-0.615312168304145	13332.5	4.12491159235491
ESL0868	1.SWT.4.D	-0.896160057661329	0.2395148925739	0.999916990450812	0	-0.620667477816911	13174	4.1197176591055
ESL0868	1.SWT.5.C	-0.0415933715739402	0.000443647546207764	0.943581652559842	0	-3.35296191619931	27	1.43136376415899
ESL0868	2.F.1.A	-0.0369067346503373	0.000195854896961966	0.889739703457386	0	-3.70806556531105	12	1.07918124604762
ESL0868	3.F.1.A	-0.0326272530641365	0.000143741167988463	0.850539682744897	0	-3.84241883054589	8	0.903089986991944
ESL0868	3.F.1.D	0.0400637348630516	0.000241534098151685	0.909590296263387	0	-3.61702154982436	15	1.17609125905568
ESL0868	3.F.2.C	0.0232718096611466	0.000134745493871665	0.811904970321864	0	-3.87048574947624	8	0.903089986991944
ESL0868	3.F.3.A	1.17333525594893	0.0396189142033164	0.999325561078146	0	-1.40209743091685	2181.5	3.33875521732284
ESL0868	3.SWT.1.A	-0.0185689149560292	6.13255131964812e-05	0.508504071383807	4.14135456621178e-156	-4.21235880875603	2	0.301029995663981
ESL0868	3.SWT.1.B	-0.011826484018344	0.000130065368901706	0.84899092895395	0	-3.88583832293876	9	0.954242509439325
ESL0868	3.SWT.1.C	0.00869848156185815	0.000532754880694144	0.864383090703601	0	-3.27347256292052	13	1.11394335230684
ESL0868	3.SWT.2.C	0.0249462365591426	0.000107107526881721	0.368034218126409	1.37374953001579e-71	-3.97018000845539	2	0.301029995663981
ESL0868	3.SWT.3.C	-0.00867579908687859	0.000457257870704154	0.953202700292304	0	-3.33983881034807	30	1.47712125471966
ESL0868	4.F.1.C	0.343949771648865	0.0799856902186973	0.999752590280562	0	-1.09698770319479	5198	3.71583627516499
ESL0868	4.F.3.A	0.390444124009282	0.0309801809661139	0.999093346100847	0	-1.50891604970286	1707	3.23223352111473
ESL0868	4.F.3.C	0.0104054054060412	0.0233668108108109	0.995375574947396	0	-1.63140055768824	469	2.67117284271508
ESL0868	4.F.3.D	0.0311634349029785	0.000253295013850418	0.824583429503768	0	-3.59637335927603	9	0.954242509439325
ESL0868	4.F.4.C	0.0514520926281639	0.000343601869555973	0.933229416120038	0	-3.46394448181509	21	1.32221929473392
ESL0868	5.F.1.A	0.015332167832158	0.00011118006993007	0.720480124725285	0	-3.95397305713471	5	0.698970004336019
ESL0868	5.F.3.A	0.915694143171284	0.0947341973969634	0.999281827583584	0	-1.0234932199422	2372.5	3.37520622109933
ESL0868	5.SWT.1.A	-1.26031017627988	0.0910191340556597	0.999737460514863	0	-1.04086730063184	5460	3.73719264270474
ESL0868	5.SWT.4.C	0.0553107426133852	0.0602922581110308	0.999586011054253	0	-1.21973845030623	3317	3.52074547151948
ESL0868	HF	-0.22931506849359	0.0307407397260275	0.994869462500047	0	-1.51228568611843	308	2.48855071650044
ESL0868	Mix_15_1	0.778838709674617	0.0258436129032258	0.998013325842663	0	-1.58764677263311	777	2.89042101880091
ESL0868	Mix_15_2	-0.146016850676062	0.032287911098199	0.9990369243	0	-1.49096005123155	1453	3.16226561429802
ESL0868	Mix_26	-0.572300533131668	0.0265344246047644	0.998792108045904	0	-1.57619032554676	1858	3.26904570965762
ESL0198	1.F.1.B	-0.368104950064103	0.0180034138517098	0.998681664461916	0	-1.74464513509769	1081	3.03382569395331
ESL0198	1.F.1.C	-0.104708944115241	0.0181983057148923	0.998510419811145	0	-1.73996904349431	1093	3.0386201619497
ESL0198	1.F.6.C	-0.0371168360602504	0.0292590496125589	0.998907341445095	0	-1.53373978466063	1464	3.16554107672237
ESL0198	1.SWT.1.B	-0.172880520199444	0.00276037036580479	0.990694569534412	0	-2.55903264364705	193	2.28555730900777
ESL0198	1.SWT.2.C	0.444660418169382	0.0336460288392213	0.999213354335617	0	-1.47306618716028	1854	3.26810972980848
ESL0198	1.SWT.4.D	-0.193518385001282	0.0290110079307858	0.999083147132624	0	-1.53743718222201	1596	3.20303288701471
ESL0198	1.SWT.5.C	-0.074923518161104	0.0060612409177819	0.995885482141386	0	-2.2174384536267	363	2.55990662503611
ESL0198	2.F.1.A	-0.447541958779781	0.00964946505204994	0.997638699794635	0	-2.01549676244714	578	2.76192783842053
ESL0198	3.F.1.A	-0.331666906993526	0.0264393857245854	0.999108831763376	0	-1.57774863918345	1454	3.16256440652302
ESL0198	3.F.1.D	0.398821967289321	0.011510094752496	0.997801955864137	0	-1.93892110119064	691	2.8394780473742
ESL0198	3.F.2.C	0.165659697190286	0.0212751860129776	0.998665034370095	0	-1.67212663410793	1172	3.06892761168207
ESL0198	3.F.3.A	0.284556596972823	0.0110116618601297	0.997486484337699	0	-1.95814713314272	606	2.78247262416629
ESL0198	3.SWT.1.A	-0.268404692082954	0.00971259237536656	0.994346285339623	0	-2.01266483764573	291	2.46389298898591
ESL0198	3.SWT.1.B	-0.633888888904454	0.0430868128654968	0.999459235048582	0	-1.36565562951617	2801	3.44731310882357
ESL0198	3.SWT.1.C	-0.0180911062899151	0.0141752928416486	0.994584020463122	0	-1.84846796042812	355	2.55022835305509
ESL0198	3.SWT.2.C	0.198387096774159	0.0228062258064516	0.992914036139698	0	-1.64194658000403	343	2.53529412004277
ESL0198	3.SWT.3.C	0.348325722976217	0.0141927967635984	0.998397581668976	0	-1.84793201614812	922	2.96473092105363
ESL0198	4.F.1.C	-1.24110350078373	0.055611197388448	0.999632956718444	0	-1.25483775384241	3613	3.55786796156802
ESL0198	4.F.3.A	0.61184571016586	0.01339863518385	0.997903968289898	0	-1.8729394376285	737.5	2.8677620246502
ESL0198	4.F.3.C	-0.0888738738727745	0.0392085855855857	0.99730412723613	0	-1.40661882419953	783	2.89376176205794
ESL0198	4.F.3.D	0.425124653730387	0.0356965851800556	0.998550604246043	0	-1.44737332754024	1248.5	3.09638854668737
ESL0198	4.F.4.C	-0.388249415746289	0.0309277365625657	0.999272724160649	0	-1.50965186254959	1854	3.26810972980848
ESL0198	5.F.1.A	-0.496608391612103	0.0365692465034968	0.998901535306175	0	-1.4368839880553	1461	3.1646502159343
ESL0198	5.F.3.A	-0.0152928416475941	0.0275338698481563	0.997357329654125	0	-1.56013274481489	689	2.83821922190763
ESL0198	5.SWT.1.A	-0.153727427228663	0.0136327308264284	0.998141778813416	0	-1.86541714019933	816.5	2.91195618907269
ESL0198	5.SWT.4.C	-0.511153568851626	0.0377864780100937	0.999334253745222	0	-1.42266358577718	2075.5	3.31712273771454
ESL0198	HF	0.141369863013671	0.0277314794520549	0.994260517831995	0	-1.55702696054387	278	2.44404479591808
ESL0198	Mix_15_1	0.835741935480156	0.0486285806451613	0.99885483370529	0	-1.31310840628973	1459	3.16405529189345
ESL0198	Mix_15_2	-0.134552585716439	0.0333581191167928	0.999003039023058	0	-1.47679844485164	1501	3.17638069224327
ESL0198	Mix_26	-0.92244475945855	0.0230356587260008	0.998586936139746	0	-1.6375993641807	1611.5	3.20723030984835
ESL0199	1.F.1.B	0.0608625451574913	0.0203921614616524	0.998783579487742	0	-1.69053673885563	1226	3.0884904701824
ESL0199	1.F.1.C	0.711934353108792	0.0308915098789031	0.999172665753363	0	-1.51016086424466	1857	3.26881190373978
ESL0199	1.F.6.C	0.40723055248746	0.0305212500754753	0.999015455990307	0	-1.51539768271707	1525.5	3.18341221197843
ESL0199	1.SWT.1.B	0.0848969151595519	0.000594260285370888	0.957675790761207	0	-3.22602329282879	42	1.6232492903979
ESL0199	1.SWT.2.C	-0.188383561643416	0.00488861643835614	0.993916262177856	0	-2.31081403621543	270	2.43136376415899
ESL0199	1.SWT.4.D	0.189496755588484	0.0115227072819033	0.997877174639047	0	-1.93844547061268	635	2.80277372529198
ESL0199	1.SWT.5.C	0.123469301042387	0.00228220607605688	0.98819147340109	0	-2.64164514271642	137	2.13672056715641
ESL0199	2.F.1.A	-0.039119396639957	0.00624874612279571	0.996243714407162	0	-2.20420711970908	375	2.57403126772772
ESL0199	3.F.1.A	1.17633309300782	0.0272003857245854	0.9990898245931	0	-1.5654249372573	1498	3.17551181336345
ESL0199	3.F.1.D	0.0920650095636603	0.00588150478011459	0.995654008783073	0	-2.23051154567692	353	2.54777470538782
ESL0199	3.F.2.C	-0.195705839940451	0.022132873107426	0.998670499615658	0	-1.654962205878	1217	3.08529057823006
ESL0199	3.F.3.A	-0.251763518384398	0.0101424470079307	0.997135660532624	0	-1.99385725271147	558	2.74663419893758
ESL0199	3.SWT.1.A	0.18377126099545	0.0208053782991202	0.997106359914882	0	-1.68182438312858	626	2.79657433321043
ESL0199	3.SWT.1.B	0.981674276999902	0.0400835190258749	0.999435046246573	0	-1.39703415773884	2602.5	3.41539073818257
ESL0199	3.SWT.1.C	-0.217028199565184	0.0207288763557484	0.996280309106075	0	-1.68342423894444	517	2.71349054309394
ESL0199	3.SWT.2.C	-0.0662365591399559	0.0147164731182796	0.988626452396693	0	-1.83219625853083	221	2.34439227368511
ESL0199	3.SWT.3.C	-0.224162861495579	0.00958749635504279	0.997449557419951	0	-2.01829478815223	624	2.79518458968242
ESL0199	4.F.1.C	0.739238964977543	0.0382385535528316	0.999451304246767	0	-1.41749854411311	2487	3.39567578526994
ESL0199	4.F.3.A	-0.0842855082903879	0.0131972408074981	0.997686211698235	0	-1.87951685874384	725	2.86033800657099
ESL0199	4.F.3.C	-0.399324324323389	0.0264503513513514	0.995469047964824	0	-1.57756855467077	529	2.72345567203519
ESL0199	4.F.3.D	0.536703601100391	0.029511664127424	0.998275361910606	0	-1.53000630046343	1035	3.01494034979294
ESL0199	4.F.4.C	0.043415126427031	0.0339574520926273	0.999223528611954	0	-1.46906490334047	2039	3.30941722577814
ESL0199	5.F.1.A	0.650332167830659	0.0242889300699302	0.998225007576742	0	-1.61459161549374	973	2.98811284026835
ESL0199	5.F.3.A	-0.341301518437127	0.0214827548806942	0.996076737304639	0	-1.66791002684737	537	2.72997428569956
ESL0199	5.SWT.1.A	-0.0435436583715389	0.0162025041427657	0.998377003247699	0	-1.79041785883145	973	2.98811284026835
ESL0199	5.SWT.4.C	-0.362862292715207	0.0224609798125449	0.998783779319921	0	-1.64857130248685	1234	3.09131515969722
ESL0199	HF	-0.392054794520308	0.0333577808219178	0.9955726967823	0	-1.47680284918697	333	2.52244423350632
ESL0199	Mix_15_1	0.731683284452394	0.0524349853372434	0.998919222628347	0	-1.28037884910438	1575	3.19728055812562
ESL0199	Mix_15_2	0.285076990118017	0.0301287510168509	0.998925132689824	0	-1.52101887157034	1357	3.13257984765974
ESL0199	Mix_26	-0.551882954778205	0.0251206676939196	0.998695495726581	0	-1.59996882146624	1751	3.24328614608345
ESL1056	1.F.1.B	0.267016146180835	0.0277546286381978	0.999116704261764	0	-1.55666457922963	1666	3.22167499707077
ESL1056	1.F.1.C	-0.348760356895789	0.0391334882090496	0.999340967235103	0	-1.40745143902947	2347	3.37051308959859
ESL1056	1.F.6.C	-0.584576834043188	0.0394565222904293	0.999185694470738	0	-1.40388119624134	1970	3.29446622616159
ESL1056	1.SWT.1.B	0.0187642146162861	0.00557071971401276	0.994983831616641	0	-2.25408869214545	389	2.58994960132571
ESL1056	1.SWT.2.C	0.416005767845173	0.0122727426099495	0.99779904952918	0	-1.91105837392592	674	2.82865989653532
ESL1056	1.SWT.4.D	-0.0591074260977049	0.0339424188896899	0.999241081505223	0	-1.46925721113409	1867	3.27114431794908
ESL1056	1.SWT.5.C	-0.139074782233064	0.0104277199915018	0.997577172013952	0	-1.98181063916255	625	2.79588001734408
ESL1056	2.F.1.A	0.0675281495768572	0.0205338525600165	0.998924449281614	0	-1.68752956068353	1233	3.09096307659573
ESL1056	3.F.1.A	0.421878875273936	0.0355054051910597	0.999279261745861	0	-1.44970552677704	1953	3.29070224328785
ESL1056	3.F.1.D	-0.708844274466949	0.0322484183131499	0.999291643781224	0	-1.49149158133	1934	3.28645646974698
ESL1056	3.F.2.C	-0.138733958182526	0.046845002883922	0.999430425606356	0	-1.32933672997762	2578	3.41128291301738
ESL1056	3.F.3.A	-0.158062004325988	0.0169745169430425	0.998289530408659	0	-1.77020257592558	934	2.97034687623009
ESL1056	3.SWT.1.A	-0.371020527862158	0.0359378416422287	0.998365617152928	0	-1.4444480093366	1078	3.03261876085072
ESL1056	3.SWT.1.B	-1.07783105025554	0.0662292907954815	0.999652481264688	0	-1.17894989549302	4305	3.63397315578967
ESL1056	3.SWT.1.C	-0.516919739695102	0.0262678134490239	0.997115551374397	0	-1.58057607668272	656	2.81690383937566
ESL1056	3.SWT.2.C	-0.336881720430544	0.0225047634408603	0.991972147528529	0	-1.64772554779411	339	2.53019969820308
ESL1056	3.SWT.3.C	0.678554033469453	0.0391987885924855	0.99941340392108	0	-1.40672735429914	2547	3.40602894496361
ESL1056	4.F.1.C	1.11199391169766	0.0617215286389484	0.999672227883113	0	-1.20956332643198	4014	3.60357736815147
ESL1056	4.F.3.A	0.782426820475666	0.0295529531362653	0.999042995901465	0	-1.52939911489432	1626.5	3.21125406761787
ESL1056	4.F.3.C	0.102072072075109	0.0861574774774777	0.998773447284269	0	-1.06470702481742	1724.5	3.23666319870341
ESL1056	4.F.3.D	0.300498614947012	0.0437835907202219	0.998845196697782	0	-1.35868862453986	1531	3.18497519069826
ESL1056	4.F.4.C	-0.544602719326061	0.0555668625451444	0.999608924644891	0	-1.25518412395959	3334	3.52296559549199
ESL1056	5.F.1.A	0.159230769225987	0.0576893461538465	0.999292249763274	0	-1.23890438327076	2306	3.36285930295868
ESL1056	5.F.3.A	-0.209620390454415	0.0249622798264643	0.997045051415267	0	-1.60271575269003	622.5	2.79413935576777
ESL1056	5.SWT.1.A	-0.0426991714455655	0.00234208094327592	0.98821012443726	0	-2.63039809960925	141	2.14921911265538
ESL1056	5.SWT.4.C	0.136416726747353	0.0194421535688536	0.998797552310836	0	-1.71125563080543	1070	3.02938377768521
ESL1056	HF	0.428219178081766	0.0270808767123288	0.993719154264356	0	-1.56733727997347	272	2.4345689040342
ESL1056	Mix_15_1	-0.133853372434603	0.0090579882697947	0.9939343737048	0	-2.04296824606935	272	2.4345689040342
ESL1056	Mix_15_2	0.0308701336412685	0.00639828036025572	0.994554316969553	0	-2.19393673389175	288	2.45939248775923
ESL1056	Mix_26	-0.368200252700612	0.00740458276063976	0.995543985700237	0	-2.13049940842664	519	2.71516735784846
ESL0184	1.F.1.B	0.757658806049347	0.0291158474612273	0.999116764557652	0	-1.53587056456752	1749	3.24278980947868
ESL0184	1.F.1.C	-0.36184299973131	0.102980388995112	0.999773158713007	0	-0.987245472014403	6178.5	3.7908830510121
ESL0184	1.F.6.C	-0.0005575123276509	0.000112229848042668	0.77441108866942	0	-3.94989162510918	6	0.778151250383644
ESL0184	1.SWT.1.B	0.0130494005979235	9.63213042004374e-05	0.787291595963115	0	-4.01627764565416	7	0.845098040014257
ESL0184	1.SWT.4.D	0.00769142033165265	0.000105270367700072	0.785205337082547	0	-3.97769386011012	6	0.778151250383644
ESL0184	1.SWT.5.C	-0.0215785001061326	0.000237305502443166	0.904418363961091	0	-3.62469219160568	14	1.14612803567824
ESL0184	2.F.1.A	0.00550987890379224	4.9272785213511e-05	0.657073594543526	0	-4.30739288792459	3	0.477121254719662
ESL0184	3.F.1.A	0.0235227108868068	0.00014204902667628	0.836252585728252	0	-3.84756173772823	8	0.903089986991944
ESL0184	3.F.2.C	-0.918744051905462	0.0575552033165103	0.999527200370906	0	-1.23991540757725	3162	3.49996186559619
ESL0184	3.F.3.A	-0.342837779379925	0.0167916359048305	0.998426940143168	0	-1.77490699118586	924	2.96567197122011
ESL0184	3.SWT.1.B	0.116560121760485	0.0116681020587999	0.997893178714118	0	-1.9329997808376	757	2.87909587950007
ESL0184	3.SWT.1.C	-0.0406616052059729	0.00240248373101953	0.970252590155593	0	-2.61933954457612	60	1.77815125038364
ESL0184	3.SWT.2.C	-0.010537634408615	0.000958075268817209	0.862363568712892	8.50884173080024e-303	-3.0186003703078	14	1.14612803567824
ESL0184	3.SWT.3.C	0.422184170459663	0.0281793113033724	0.999169670543668	0	-1.55006962516562	1830	3.26245108973043
ESL0184	4.F.1.C	0.0680669710806049	0.000120553392613955	0.841200385804021	0	-3.91882056319787	8	0.903089986991944
ESL0184	4.F.3.A	-0.0172213410236061	0.00538625234318672	0.994714241803141	0	-2.26871330397197	296	2.47129171105894
ESL0184	4.F.3.D	-0.0194459833796108	0.000354461911357344	0.872140866785924	0	-3.45043042501135	12	1.07918124604762
ESL0184	4.F.4.C	0.00467282770357821	0.000245524962821323	0.910444708038928	0	-3.60990434604849	15	1.17609125905568
ESL0184	5.F.1.A	-0.0496678321679057	0.000686430069930076	0.939412683136226	0	-3.1634036999282	28	1.44715803134222
ESL0184	5.F.3.A	-0.0191431670281747	0.000291603036876356	0.786784727031232	1.30780762820544e-303	-3.53520795740559	7	0.845098040014257
ESL0184	5.SWT.1.A	-0.00224771616723898	0.000216697471850428	0.892059989298301	0	-3.66414615544443	13	1.11394335230684
ESL0184	5.SWT.4.C	-0.00537995674115382	0.00021683056957462	0.891123036064943	0	-3.6638794893769	12	1.07918124604762
ESL0184	HF	-0.37506849315105	0.0109397260273973	0.983541322049195	0	-1.96099355426213	109	2.03742649794062
ESL0184	Mix_15_1	-0.0644516129050426	0.0149645161290323	0.996537619715809	0	-1.82493732131551	449	2.65224634100332
ESL0184	Mix_15_2	0.282305345725355	0.0207817144102268	0.998512748293881	0	-1.68231862770335	937	2.97173959088778
ESL0184	Mix_26	0.447276957690485	0.00564179635736077	0.994283658554663	0	-2.248582593911	395	2.59659709562646
ESL1057	1.F.1.B	-0.954246866327647	0.0709036779264908	0.999677274698463	0	-1.14933123644244	4256	3.62900161928699
ESL1057	1.F.1.C	0.499603781625823	0.040664113023156	0.99936704824269	0	-1.39078869621149	2442	3.38774565960886
ESL1057	1.F.6.C	0.694100835279396	0.0699751613162923	0.999556135993445	0	-1.15505609166573	3499.5	3.54400599784943
ESL1057	1.SWT.1.B	1.81002557869655	0.168444623008413	0.99986568760939	0	-0.773542847758234	11794.5	4.07167953472194
ESL1057	1.SWT.2.C	-0.739616438349378	0.0793963835616436	0.999645647408515	0	-1.10019927887003	4367.5	3.64023291365497
ESL1057	1.SWT.4.D	-1.56089689977672	0.108947524152848	0.999788402587011	0	-0.96278263470615	5988	3.77728179167101
ESL1057	1.SWT.5.C	-2.35251115354485	0.0983307565328212	0.999771927325704	0	-1.00731061946936	5899	3.77077839616915
ESL1057	2.F.1.A	0.0501221584995393	0.0225731903547903	0.998916585388524	0	-1.64640705609444	1354	3.13161866434913
ESL1057	3.F.1.A	0.605623648163685	0.122023044700793	0.999814794859872	0	-0.913558142757364	6715	3.82704601700473
ESL1057	3.F.1.D	-0.212058636065972	0.0144153486297001	0.998476310252678	0	-1.84117484990261	864	2.93651374247889
ESL1057	3.F.2.C	0.355541456382407	0.0523339625090121	0.999492555167244	0	-1.28121638105152	2880	3.45939248775923
ESL1057	3.F.3.A	-0.173580389326298	0.0429135248738283	0.999375374419738	0	-1.36740581148968	2360	3.37291200297011
ESL1057	3.SWT.1.A	0.0976950146548761	0.107436504398827	0.999529434288222	0	-0.96884813050499	3223	3.50826030551233
ESL1057	3.SWT.1.B	0.434368340918427	0.0635042015541132	0.999653216550451	0	-1.19719754004027	4126	3.61552922363713
ESL1057	3.SWT.1.C	-0.447125813446034	0.0808038329718007	0.999072835497485	0	-1.09256803775239	2020	3.30535136944662
ESL1057	3.SWT.2.C	0.347741935484383	0.0462505161290322	0.9966296114331	0	-1.33488341642246	695.5	2.84229713432807
ESL1057	3.SWT.3.C	0.576453576834171	0.0697710111351435	0.999688951900211	0	-1.15632498309465	4539.5	3.65700802043436
ESL1057	4.F.1.C	0.487686453556459	0.0566054091163978	0.999608649630371	0	-1.24714206638841	3679.5	3.56578880726207
ESL1057	4.F.3.A	-0.845048305693223	0.0467445306416726	0.999379906718765	0	-1.33026919657965	2567.5	3.40951045226932
ESL1057	4.F.3.C	-0.932567567566493	0.0520018648648651	0.997896460076353	0	-1.28398108163447	1038.5	3.01640650087112
ESL1057	4.F.3.D	-0.518448753481124	0.066639643351801	0.999340391778697	0	-1.17626733589237	2331	3.36754227352058
ESL1057	4.F.4.C	-0.143470363256571	0.0587288183556393	0.999602874935353	0	-1.23114873722597	3520.5	3.54660434865427
ESL1057	5.F.1.A	1.17699300698372	0.073958330419581	0.999470746695448	0	-1.13101290143049	2962.5	3.47165835901816
ESL1057	5.F.3.A	-1.03951193058264	0.0622272169197398	0.998853539554556	0	-1.20601962217844	1555.5	3.19187001544472
ESL1057	5.SWT.1.A	0.0458795411486682	0.0761287705544918	0.999675329496424	0	-1.1184511838112	4569	3.6598211580557
ESL1057	5.SWT.4.C	0.588689257398094	0.0885537418889688	0.999747553146281	0	-1.05279308272466	4871	3.68761812957177
ESL1057	HF	0.790547945204982	0.031200191780822	0.99488963783239	0	-1.50584273645923	312	2.49415459401844
ESL1057	Mix_15_1	0.192697947213723	0.00442338416422287	0.988450293171455	0	-2.35424534117369	133	2.12385164096709
ESL1057	Mix_15_2	-0.240514235909744	0.00129570075537479	0.974966357729482	0	-2.88749528804537	58	1.76342799356294
ESL1057	Mix_26	0.0887056611930707	0.00436389595981387	0.992596328771926	0	-2.36012561202901	304	2.48287358360875
ESL1062	1.F.1.B	0.779591034657606	0.0505894062035256	0.999527478069542	0	-1.29594041812149	3036	3.48230176722344
ESL1062	1.F.1.C	0.707194603797742	0.0263715241130225	0.999016681822672	0	-1.57886476991275	1583	3.19948091486236
ESL1062	1.F.6.C	-0.376764617078495	0.0336936769648785	0.99904929861175	0	-1.4724515922121	1688	3.22737244228964
ESL1062	1.SWT.1.B	0.197970969895088	0.158122507380813	0.999865122105866	0	-0.801006307578388	11073.5	4.04428490998833
ESL1062	1.SWT.2.C	0.0438385003616558	0.032971206921413	0.99917550957889	0	-1.48186515507959	1814	3.25863728272408
ESL1062	1.SWT.4.D	0.875401586160228	0.050131454217736	0.999480512684155	0	-1.2998896971508	2757	3.44043676610577
ESL1062	1.SWT.5.C	0.395954960725617	0.0542170359039717	0.999535970056603	0	-1.26586422939177	3253	3.51228406328185
ESL1062	2.F.1.A	-0.496674102383717	0.030807504355215	0.999210813391962	0	-1.51134348145124	1848	3.26670196688409
ESL1062	3.F.1.A	0.475700072101431	0.0453443842826242	0.999428855421637	0	-1.34347649087697	2495	3.39707054995941
ESL1062	3.F.1.D	-0.0903441681831788	0.128361915869978	0.999832137276943	0	-0.89156380945165	7701.5	3.88657531975417
ESL1062	3.F.2.C	-1.92690987742722	0.0747283532804611	0.999651798870845	0	-1.12651458778382	4104.5	3.61326026000197
ESL1062	3.F.3.A	-1.35530209084315	0.0302928558038932	0.999026152969076	0	-1.51865978241463	1664.5	3.22128379949269
ESL1062	3.SWT.1.A	-0.000428152496930446	0.0497255542521994	0.998930400580303	0	-1.30342036743268	1493	3.17405980772503
ESL1062	3.SWT.1.B	-0.172222222245855	0.0556925847953213	0.999597919285524	0	-1.25420262523658	3619	3.5585885831082
ESL1062	3.SWT.1.C	-0.452787418651352	0.0905873167028201	0.999236584686577	0	-1.04293260443767	2262	3.35449260058944
ESL1062	3.SWT.2.C	0.409247311829336	0.0545205053763441	0.997056007527152	0	-1.2634401271378	819	2.91328390176042
ESL1062	3.SWT.3.C	-0.065403348562018	0.0219668249619481	0.998966954522947	0	-1.65823271054206	1426	3.15411952551585
ESL1062	4.F.1.C	0.408082191757293	0.0455635212689255	0.999546605399104	0	-1.34138271987456	2963	3.47173165148005
ESL1062	4.F.3.A	-0.760051910593973	0.0565023165104541	0.999522772797281	0	-1.24793374639146	3107.5	3.49241113731368
ESL1062	4.F.3.C	-0.414999999998465	0.0611810000000003	0.998293888648993	0	-1.21338342877447	1221	3.08671566394488
ESL1062	4.F.3.D	-0.046980609433029	0.0509507299168979	0.998981568537996	0	-1.29284958993802	1784.5	3.25151655229168
ESL1062	4.F.4.C	0.257349691979323	0.0627569570851909	0.999652983558592	0	-1.20233812233731	3763.5	3.57559192037029
ESL1062	5.F.1.A	1.14337412586423	0.111528447552448	0.999649685825368	0	-0.952614343025932	4465	3.64982146322457
ESL1062	5.F.3.A	-0.400021691971216	0.0703002125813451	0.998898747561512	0	-1.15304336171182	1760	3.24551266781415
ESL1062	5.SWT.1.A	-0.583758232380591	0.0722804393456539	0.999653976142321	0	-1.14097921631015	4334.5	3.63693900728747
ESL1062	5.SWT.4.C	-0.369969718811546	0.148198398702235	0.999868615042569	0	-0.82915648892444	8151	3.91121089313755
ESL1062	HF	0.219726027397372	0.00989090410958904	0.983426862906814	0	-2.00476400851816	99	1.99563519459755
ESL1062	Mix_15_1	0.00862756598215718	0.00173026979472141	0.969508519431305	0	-2.76188617362074	52	1.7160033436348
ESL1062	Mix_15_2	-0.0200217896572854	0.000471919523532833	0.932135283231741	0	-3.32613205531824	21	1.32221929473392
ESL1062	Mix_26	-0.0292625350541338	0.00153148023051557	0.978011172114656	0	-2.814888605017	107	2.02938377768521
ESL1083	1.F.1.B	-0.309680263404938	0.0615786460590597	0.999651665782292	0	-1.21056986423996	3695	3.56761444273084
ESL1083	1.F.1.C	0.0448215424104956	0.0475851045251743	0.9994977267276	0	-1.32252897238265	2857	3.45591024038274
ESL1083	1.F.6.C	0.0695290329188463	0.0333213782831837	0.999038658433587	0	-1.47727704302751	1666	3.22167499707077
ESL1083	1.SWT.1.B	0.705926222763996	0.144339162069709	0.999842167224834	0	-0.840615820235126	10106	4.00457929390221
ESL1083	1.SWT.2.C	-0.451214131214279	0.0532156806056235	0.999449048813698	0	-1.27396037903814	2924	3.46597736828582
ESL1083	1.SWT.4.D	-0.0718918529182486	0.0561404239365536	0.999566097086332	0	-1.2507243121752	3088	3.4896772916637
ESL1083	1.SWT.5.C	0.391011259877778	0.0964507410240047	0.999757576071329	0	-1.01569443135447	5788	3.762528522447
ESL1083	2.F.1.A	1.01808476737767	0.0180610503505414	0.998686801066913	0	-1.74325699664822	1084	3.03502928220237
ESL1083	3.F.1.A	-1.45630281181213	0.0873820129776492	0.999709521774216	0	-1.0585779548769	4804	3.68160299873087
ESL1083	3.F.1.D	-0.127626938557018	0.0790814195878461	0.999714887602142	0	-1.10192554328307	4746	3.67632773388132
ESL1083	3.F.2.C	-0.282233597686254	0.0889819242970437	0.999697731969938	0	-1.0506982065611	4893	3.68957521575994
ESL1083	3.F.3.A	1.35012545061411	0.0343726517664022	0.99920469859786	0	-1.46378696180833	1888.5	3.27611698916354
ESL1083	3.SWT.1.A	0.77578299119544	0.0672168973607038	0.99909106185163	0	-1.17252153783833	2019	3.30513631894364
ESL1083	3.SWT.1.B	-0.224292237467299	0.0556021115116556	0.999586061040596	0	-1.25490871560413	3616	3.55822842180333
ESL1083	3.SWT.1.C	0.438199566163373	0.050509644251627	0.998450119569888	0	-1.29662569028986	1262	3.10105935490812
ESL1083	3.SWT.2.C	-1.29311827956895	0.0276732365591398	0.993559235802619	0	-1.5579400444162	416	2.61909333062674
ESL1083	3.SWT.3.C	0.560327244974258	0.190363019867018	0.999899038585379	0	-0.720417414289443	12372	4.09243991133114
ESL1083	4.F.1.C	-0.542526636252596	0.0595933325322435	0.999668051378267	0	-1.22480232761606	3874	3.58815961638309
ESL1083	4.F.3.A	-0.192105263156298	0.024932947368421	0.998900048808612	0	-1.60322637973203	1371	3.13703745478951
ESL1083	4.F.3.C	0.765360360361552	0.0437023873873875	0.997678890335765	0	-1.35949483760972	874.5	2.9417598138147
ESL1083	4.F.3.D	-0.632603878135008	0.0674513040166209	0.99927175747239	0	-1.17100964982086	2360	3.37291200297011
ESL1083	4.F.4.C	0.759160824334911	0.0523113010410015	0.99957304847195	0	-1.28140447844511	3139	3.49679131570004
ESL1083	5.F.1.A	0.162674825168229	0.07362548951049	0.999417374736239	0	-1.132971804721	2946	3.46923274250661
ESL1083	5.F.3.A	1.04902386117586	0.0716535661605207	0.999005772270305	0	-1.14476219011947	1791	3.25309558584903
ESL1083	5.SWT.1.A	0.0844593159523525	0.0783674357340116	0.99967398066792	0	-1.10586436357773	4709	3.67292869044272
ESL1083	5.SWT.4.C	1.38456092285875	0.0558627188175918	0.999577305842643	0	-1.25287793117094	3074	3.48770386316373
ESL1083	HF	-0.715616438356539	0.0129695342465754	0.987546947707444	0	-1.88707561973505	129	2.11058971029925
ESL1083	Mix_15_1	-0.0669032258065809	0.00161503225806452	0.969783484902998	0	-2.79181879880687	48	1.68124123737559
ESL1083	Mix_15_2	0.0225871586283041	0.000947821905868694	0.966579893737784	0	-3.02327325819417	43	1.63346845557959
ESL1083	Mix_26	-0.169161145180581	0.00220127504699682	0.985665338690358	0	-2.65732568941848	154	2.18752072083646
ESL1291	1.F.1.B	-0.0020140216697081	0.000194322498406624	0.885410172802767	0	-3.71147691443782	12	1.07918124604762
ESL1291	1.F.1.C	-0.000703207988092741	1.51737837263647e-05	0.35652310602793	3.47843481810151e-155	-4.81890611027563	1	0
ESL1291	1.F.6.C	-0.00693166951794013	0.000111413706350004	0.764212996978692	0	-3.95306137804911	6	0.778151250383644
ESL1291	1.SWT.1.B	-0.428622145517284	0.00666375265801719	0.996036543771191	0	-2.1762811312369	467	2.66931688056611
ESL1291	1.SWT.2.C	0.122925739005026	0.00155818889689978	0.982107208934378	0	-2.80737989460414	86	1.93449845124357
ESL1291	1.SWT.4.D	-0.03462292718094	7.17981254506122e-05	0.729887217245503	0	-4.14388689443573	4	0.602059991327962
ESL1291	1.SWT.5.C	-0.248021032503983	0.00167748374760991	0.985124350905448	0	-2.77534167882367	100	2
ESL1291	2.F.1.A	-0.0242319949007876	0.000820335882727837	0.97249282586885	0	-3.08600829133838	49	1.69019608002851
ESL1291	3.F.1.A	0.231674116799165	0.00157704253785146	0.982765626049695	0	-2.80215659221009	87	1.93951925261862
ESL1291	3.F.3.A	-0.061974044700669	0.00126634174477289	0.97828494733422	0	-2.89744907643503	70	1.84509804001426
ESL1291	3.SWT.1.A	-0.0208445747800793	0.000222627565982404	0.80003100998684	0	-3.65242106186637	7	0.845098040014257
ESL1291	3.SWT.1.B	-0.0713013698630863	0.000130509733237202	0.847629326194269	0	-3.88435709803008	9	0.954242509439325
ESL1291	3.SWT.1.C	0.0100759219088928	6.92559652928421e-05	0.439754739634684	4.21474133103846e-115	-4.15954281313445	2	0.301029995663981
ESL1291	3.SWT.3.C	0.0187442922373727	0.000132676520067291	0.840853698173717	0	-3.87720592798307	9	0.954242509439325
ESL1291	4.F.1.C	-0.0298173515983125	0.000290246094688776	0.935257660841549	0	-3.53723361505718	19	1.27875360095283
ESL1291	4.F.3.A	0.0396914203321636	0.00358627036770005	0.99128104165526	0	-2.44535697222671	197	2.29446622616159
ESL1291	4.F.3.C	0.0690090090090372	0.000346684684684685	0.758432736304504	2.20224273983031e-248	-3.46006534352919	7	0.845098040014257
ESL1291	4.F.3.D	0.00357340720209396	0.00038219182825485	0.887050761352282	0	-3.41771860294758	14	1.14612803567824
ESL1291	4.F.4.C	0.0176736775022817	0.00102950541746333	0.976291447041772	0	-2.98737136369555	62	1.79239168949825
ESL1291	5.F.1.A	0.0465559440558794	0.00131435664335665	0.965920486915126	0	-2.88128677539582	53	1.72427586960079
ESL1291	5.F.3.A	-0.0402603036875883	0.00146055097613883	0.95311024539983	0	-2.83548328068327	36	1.55630250076729
ESL1291	5.SWT.1.A	-0.204259613339218	0.00451597110686202	0.994506968973065	0	-2.34524884534993	272	2.4345689040342
ESL1291	5.SWT.4.C	0.00682912761359544	0.000164250180245132	0.867119210387623	0	-3.78449414518113	9	0.954242509439325
ESL1291	HF	-0.495068493150756	0.0128797260273973	0.986292840302153	0	-1.89009337502396	128	2.10720996964787
ESL1291	Mix_15_1	-0.129882697948104	0.0059371906158358	0.991866108030027	0	-2.22641900765526	178	2.25042000230889
ESL1291	Mix_15_2	-0.0863378849523138	0.0047864587449158	0.992648046315978	0	-2.31998567997292	215	2.33243845991561
ESL1291	Mix_26	-0.723442941223587	0.0136755632531048	0.997497322664762	0	-1.86405477741298	958	2.98136550907854
ESL1292	1.F.1.C	0.00915869980884631	6.1349904397704e-05	0.690006320910712	0	-4.21218610970278	4	0.602059991327962
ESL1292	1.SWT.1.B	0.0282606551819875	2.36354279022465e-05	0.469302904653249	1.19036088495028e-249	-4.6264365307039	2	0.301029995663981
ESL1292	3.SWT.3.C	0.00611111111109528	4.40760233918126e-05	0.660424232409476	0	-4.35579759512037	3	0.477121254719662
ESL1292	5.F.1.A	0.175559440559321	0.00144131643356644	0.968997665861246	0	-2.84124066161129	57	1.75587485567249
ESL1292	5.F.3.A	-0.0162147505422403	0.000952904555314533	0.924447443876137	0	-3.02095059692313	24	1.38021124171161
ESL1292	5.SWT.1.A	0.0519067346507039	0.000249145103038021	0.909251752942085	0	-3.60354764449319	15	1.17609125905568
ESL1292	HF	0.419863013698692	0.0103974520547945	0.982287124981851	0	-1.98307307359695	105	2.02118929906994
ESL1292	Mix_26	0.0762984991848641	0.00319724151745817	0.989627310098635	0	-2.49522455617823	225	2.35218251811136
ESL0284	1.F.1.C	-0.0102793711493414	1.54255364350964e-05	0.369554874577495	2.71623939329843e-162	-4.81175972410176	1	0
ESL0284	1.SWT.1.B	0.198399950693047	0.00205401614841751	0.987301987584356	0	-2.68739614635654	144.5	2.15986784709257
ESL0284	1.SWT.2.C	-0.0168291276135621	8.4749819754867e-05	0.754250692839092	0	-4.07186121677739	5	0.698970004336019
ESL0284	1.SWT.4.D	-0.0110454217735179	0.000334901946647437	0.920377785000534	0	-3.47508232807738	18.5	1.26717172840301
ESL0284	1.SWT.5.C	-0.110159337153679	0.00712166475462062	0.99634650846459	0	-2.14741847416712	428	2.63144376901317
ESL0284	2.F.1.A	-0.00953261100468179	0.000281250053112378	0.926684042579675	0	-3.55090738686668	17	1.23044892137827
ESL0284	3.F.1.D	0.00978436371363105	1.59596345867852e-05	0.3848241596625	8.26870318743968e-171	-4.79697705651659	1	0
ESL0284	3.F.2.C	-0.00972170151405961	3.53309300648885e-05	0.56333014587594	8.18957049316619e-272	-4.45184492988097	2	0.301029995663981
ESL0284	3.F.3.A	0.0210901225666873	0.000121353280461427	0.82185485686161	0	-3.91594847918339	7	0.845098040014257
ESL0284	3.SWT.1.A	-0.0792844574780707	0.000410662756598241	0.879369905111981	0	-3.38651468194619	12	1.07918124604762
ESL0284	3.SWT.1.C	-0.035553145336219	7.04208242950106e-05	0.461724602158465	6.50823126811694e-123	-4.15229889570038	2	0.301029995663981
ESL0284	3.SWT.2.C	0.00784946236558977	5.13010752688177e-05	0.213285083226609	2.84043400011405e-38	-4.28987353199501	1	0
ESL0284	3.SWT.3.C	-0.0270776255707989	8.93059360730588e-05	0.800789227483708	0	-4.0491196730477	6	0.778151250383644
ESL0284	4.F.3.D	0.0187257617728411	5.17126038781166e-05	0.504185329260185	1.82051098532496e-169	-4.28640359370296	2	0.301029995663981
ESL0284	4.F.4.C	-0.0178988740173613	6.56741024006779e-05	0.732080460317982	0	-4.18260585421142	4	0.602059991327962
ESL0284	5.F.1.A	0.399020979015762	0.0583450087412591	0.999324199457611	0	-1.23399629075564	2332	3.36772854608698
ESL0284	5.SWT.1.A	-0.0467813894196565	0.00055897195666028	0.954225319877764	0	-3.25260997990105	34	1.53147891704226
ESL0284	5.SWT.4.C	0.29863590483294	0.0553203727469357	0.999553335793492	0	-1.25711490229028	3044	3.48344464809854
ESL0284	HF	0.148082191780454	0.104588328767123	0.998479162947525	0	-0.980516776604893	1046	3.01953168453126
ESL0284	Mix_15_1	-0.7646392961964	0.102782211143695	0.999504059155172	0	-0.988082043615469	3082.5	3.48890308526777
ESL0284	Mix_15_2	0.182680127804847	0.114829898605463	0.999752225456272	0	-0.939945018656018	5163	3.71290212504722
ESL0284	Mix_26	0.674233412505952	0.13956655742858	0.999786156277386	0	-0.855218633748543	9775	3.9901167660679
ESL0024	1.F.6.C	-0.0285720036228122	5.69491798329469e-05	0.644143121685803	5.83346129159598e-316	-4.24451252613432	3	0.477121254719662
ESL0024	1.SWT.1.B	0.212897161701287	0.00313417954328331	0.991859903496352	0	-2.50387612834485	219.5	2.34143452457814
ESL0024	1.SWT.2.C	-0.0239077144917212	0.000238881759192502	0.892479787914838	0	-3.62181701134049	13.5	1.13033376849501
ESL0024	1.SWT.4.D	-0.0109675558759978	0.000105927180966115	0.796300506309004	0	-3.97499258541715	6	0.778151250383644
ESL0024	1.SWT.5.C	-0.0181686849371997	0.000253879753558525	0.907704546040505	0	-3.59537193192821	15	1.17609125905568
ESL0024	2.F.1.A	-0.011782451667686	6.49963883577638e-05	0.72717351064266	0	-4.18711077504748	4	0.602059991327962
ESL0024	3.F.3.A	-0.0607382840662837	0.000516945926459984	0.947678705644732	0	-3.28655488256995	29	1.46239799789896
ESL0024	3.SWT.1.A	-0.075794721407744	0.000753583577712612	0.931516639201531	0	-3.12286857436925	23	1.36172783601759
ESL0024	4.F.3.A	-0.0192617159336662	0.000135054073540014	0.830662856775711	0	-3.86949231196324	8	0.903089986991944
ESL0024	4.F.4.C	0.00802953048651984	1.53207988102823e-05	0.359468116717893	8.86813308053687e-157	-4.8147185904571	1	0
ESL0024	5.F.1.A	-0.117744755245757	0.0122240646853147	0.996678033443528	0	-1.91278436063349	489	2.68930885912362
ESL0024	5.F.3.A	0.0774945770065427	0.000584553145336227	0.877782275568215	0	-3.2331759983139	15	1.17609125905568
ESL0024	5.SWT.1.A	-0.0428362013921328	0.0177182326322494	0.998515106536947	0	-1.75157960052694	1062	3.02612451674545
ESL0024	5.SWT.4.C	-0.194917087238783	0.00396892501802452	0.99355180925614	0	-2.40132710582093	219	2.34044411484012
ESL0024	HF	0.206575342465357	0.0267483013698631	0.994045363160627	0	-1.57270379230139	268	2.42813479402879
ESL0024	Mix_15_1	0.193038123164828	0.0247814369501466	0.997873828708837	0	-1.60587351469014	743	2.87098881376058
ESL0024	Mix_15_2	-0.225360255669533	0.0131202027890762	0.997352453532798	0	-1.88205945234632	592	2.77232170672292
ESL0024	Mix_26	-0.588890566726096	0.0182666606058738	0.998237699187333	0	-1.73834084033215	1276	3.10585067438514
ESL0186	1.F.1.B	-0.0378786912880728	0.0426162099001479	0.99942840541393	0	-1.37042517716157	2559.5	3.40815513388626
ESL0186	1.F.1.C	-0.674760994222859	0.088483502868067	0.999727179145404	0	-1.05313769293178	5309.5	3.72505362513701
ESL0186	1.F.6.C	-0.244980376353732	0.0623766092382001	0.999546914098884	0	-1.20497823697168	3119	3.49401537475714
ESL0186	1.SWT.1.B	-0.190395697857001	0.0175295910505717	0.998523583969086	0	-1.7562282154836	1228	3.08919836680515
ESL0186	1.SWT.2.C	-1.45613410237224	0.0721642343186731	0.999656582045857	0	-1.14167799199491	3968.5	3.59862638464165
ESL0186	1.SWT.4.D	0.0895818312951144	0.0624461607786588	0.999607120272222	0	-1.20449425711206	3434	3.5358002908249
ESL0186	1.SWT.5.C	0.911297004527943	0.143722168897384	0.999853627102502	0	-0.842476237521811	8625	3.93575910374531
ESL0186	2.F.1.A	0.0251019757830098	0.00418665455704261	0.994301189232738	0	-2.37813287148501	251	2.39967372148104
ESL0186	3.F.1.A	0.0421283345350976	0.00100602307137706	0.973686832808268	0	-2.99739205938262	56	1.7481880270062
ESL0186	3.F.1.D	0.780776503095007	0.0256831404291475	0.999057221022892	0	-1.590351873607	1542	3.18808437371494
ESL0186	3.F.2.C	0.469369863016558	0.0248393698630136	0.998884986877228	0	-1.60485942574535	1365	3.13513265137677
ESL0186	3.F.3.A	-0.54963806777202	0.0133000987743331	0.997940672847082	0	-1.87614513369543	732	2.86451108105839
ESL0186	3.SWT.1.A	0.00475659824012746	0.00405497947214077	0.986223201890876	0	-2.39201134001227	122	2.08635983067475
ESL0186	3.SWT.1.B	-0.604779299889529	0.0876850342065205	0.999759739402347	0	-1.05707452426401	5693.5	3.75537932498594
ESL0186	3.SWT.1.C	1.55361171367548	0.203998605206074	0.999716423254509	0	-0.690372801953397	5101.5	3.7076978909884
ESL0186	3.SWT.2.C	0.0700000000000925	0.00149399999999999	0.898715423452027	0	-2.82564940252062	22	1.34242268082221
ESL0186	3.SWT.3.C	0.732458143052356	0.0717522067611945	0.999708953907738	0	-1.14416473752816	4667	3.66903780088516
ESL0186	4.F.1.C	1.91546423132455	0.0976438886485611	0.999796551486437	0	-1.01035493321856	6348	3.80263691808281
ESL0186	4.F.3.A	0.0255097332390199	0.0281688781542897	0.999002504188643	0	-1.55023044875804	1547.5	3.18963065769216
ESL0186	4.F.3.C	-0.799729729728001	0.0484645405405407	0.997907358181777	0	-1.31457590015877	967	2.985426474083
ESL0186	4.F.3.D	-0.00814404432197856	0.00248193490304711	0.980908735809748	0	-2.60520961349731	87	1.93951925261862
ESL0186	4.F.4.C	0.472932866007887	0.123586544083278	0.999809918810148	0	-0.908028812002087	7416	3.87016972113644
ESL0186	5.F.1.A	0.462849650349386	0.0134312290209791	0.996843252388876	0	-1.87188424551386	537	2.72997428569956
ESL0186	5.F.3.A	-0.0406507592186608	0.00690237744034708	0.98799313557767	0	-2.16100129601844	173	2.2380461031288
ESL0186	5.SWT.1.A	0.506451030383784	0.00648562630125331	0.996012856848052	0	-2.18804807878657	389	2.58994960132571
ESL0186	5.SWT.4.C	-0.090015861568943	0.0358384578226386	0.999321206006889	0	-1.44565068688738	1971	3.29468662427944
ESL0186	HF	-0.388082191780767	0.0111056712328767	0.984082736603252	0	-1.9544551873249	111	2.04532297878666
ESL0186	Mix_15_1	0.385284457477446	0.00539133724340176	0.989352077059883	0	-2.26830350097279	162	2.20951501454263
ESL0186	Mix_15_2	-0.0504401510765718	0.00613757437536321	0.99471977962387	0	-2.21200323203979	276	2.44090908206522
ESL0186	Mix_26	-0.0171034546497188	0.00451038139850226	0.992666773235204	0	-2.34578673256517	315	2.4983105537896
